modelo,signo,iter,pos_rate_bootstrap,cv_accuracy,cv_precision,cv_recall,cv_f1,cv_roc_auc,cv_pr_auc,cv_tp_mean,cv_fp_mean,cv_tn_mean,cv_fn_mean
svm,signo_zodiacal_capricornio,1,0.5,0.47000000000000003,0.4583333333333333,0.44000000000000006,0.44298245614035087,0.42400000000000004,0.5232938548379724,4.4,5.0,5.0,5.6
svm,signo_zodiacal_capricornio,2,0.5,0.55,0.5321338791927027,0.7,0.5990985368559738,0.58,0.6258355600367984,7.0,6.0,4.0,3.0
svm,signo_zodiacal_capricornio,3,0.5,0.44000000000000006,0.375,0.3,0.32251082251082247,0.4,0.47374531024531025,3.0,4.2,5.8,7.0
svm,signo_zodiacal_capricornio,4,0.5,0.53,0.49650793650793645,0.48,0.4753106295149639,0.516,0.5328237775296598,4.8,4.2,5.8,5.2
svm,signo_zodiacal_capricornio,5,0.5,0.55,0.5583682983682984,0.5800000000000001,0.5668540917511169,0.584,0.644617648261611,5.8,4.8,5.2,4.2
svm,signo_zodiacal_capricornio,6,0.5,0.56,0.5622222222222223,0.5599999999999999,0.5600501253132832,0.562,0.5882244020169717,5.6,4.4,5.6,4.4
svm,signo_zodiacal_capricornio,7,0.5,0.5399999999999999,0.5586147186147186,0.45999999999999996,0.4950906678460859,0.538,0.6069680329989928,4.6,3.8,6.2,5.4
svm,signo_zodiacal_capricornio,8,0.5,0.5399999999999999,0.5388528138528138,0.56,0.5414396061454886,0.58,0.665657777465053,5.6,4.8,5.2,4.4
svm,signo_zodiacal_capricornio,9,0.5,0.43000000000000005,0.42733044733044734,0.39999999999999997,0.4026232247284879,0.5079999999999999,0.6029174075838162,4.0,5.4,4.6,6.0
svm,signo_zodiacal_capricornio,10,0.5,0.55,0.535,0.74,0.6188764568764569,0.53,0.5496366684571019,7.4,6.4,3.6,2.6
svm,signo_zodiacal_capricornio,11,0.5,0.51,0.5144230769230769,0.64,0.5673761021587108,0.48900000000000005,0.5503959117078312,6.4,6.2,3.8,3.6
svm,signo_zodiacal_capricornio,12,0.5,0.38,0.32571428571428573,0.22000000000000003,0.25725490196078427,0.382,0.49868870878004,2.2,4.6,5.4,7.8
svm,signo_zodiacal_capricornio,13,0.5,0.57,0.582857142857143,0.4800000000000001,0.5215359477124183,0.5980000000000001,0.6908560442825148,4.8,3.4,6.6,5.2
svm,signo_zodiacal_capricornio,14,0.5,0.43999999999999995,0.44193473193473193,0.43999999999999995,0.42502917372482585,0.472,0.5955186480186481,4.4,5.6,4.4,5.6
svm,signo_zodiacal_capricornio,15,0.5,0.54,0.6617521367521367,0.38,0.41862419299490233,0.576,0.6537449668494559,3.8,3.0,7.0,6.2
svm,signo_zodiacal_capricornio,16,0.5,0.5,0.5005194805194806,0.36,0.41046218487394964,0.45,0.5272836612132278,3.6,3.6,6.4,6.4
svm,signo_zodiacal_capricornio,17,0.5,0.6699999999999999,0.6662948162948162,0.72,0.6841179034542878,0.686,0.7648920334051912,7.2,3.8,6.2,2.8
svm,signo_zodiacal_capricornio,18,0.5,0.39,0.36968253968253967,0.4,0.36626807660863386,0.35000000000000003,0.46213202689982874,4.0,6.2,3.8,6.0
svm,signo_zodiacal_capricornio,19,0.5,0.53,0.5242424242424243,0.6,0.558874458874459,0.542,0.5492981087539912,6.0,5.4,4.6,4.0
svm,signo_zodiacal_capricornio,20,0.5,0.5,0.4868181818181818,0.6399999999999999,0.5473992673992674,0.534,0.6179968528203823,6.4,6.4,3.6,3.6
svm,signo_zodiacal_capricornio,21,0.5,0.38,0.2857142857142857,0.2,0.23374613003095973,0.336,0.48325463691794956,2.0,4.4,5.6,8.0
svm,signo_zodiacal_capricornio,22,0.5,0.42000000000000004,0.41174242424242424,0.44000000000000006,0.41608829766724503,0.324,0.44147565755537893,4.4,6.0,4.0,5.6
svm,signo_zodiacal_capricornio,23,0.5,0.53,0.5326190476190475,0.5799999999999998,0.5474269005847954,0.516,0.5751906961287766,5.8,5.2,4.8,4.2
svm,signo_zodiacal_capricornio,24,0.5,0.58,0.6233766233766234,0.4600000000000001,0.5150700280112044,0.5700000000000001,0.6152244704040368,4.6,3.0,7.0,5.4
svm,signo_zodiacal_capricornio,25,0.5,0.49000000000000005,0.5010989010989011,0.48,0.45426257459505537,0.514,0.6066242025947908,4.8,5.0,5.0,5.2
svm,signo_zodiacal_capricornio,26,0.5,0.54,0.5174242424242423,0.64,0.5667099567099567,0.572,0.6296924664602683,6.4,5.6,4.4,3.6
svm,signo_zodiacal_capricornio,27,0.5,0.5,0.47928571428571426,0.32000000000000006,0.38189542483660127,0.47400000000000003,0.5979253626490468,3.2,3.2,6.8,6.8
svm,signo_zodiacal_capricornio,28,0.5,0.43,0.4643523143523144,0.5,0.4733594623620199,0.414,0.49180543699506546,5.0,6.4,3.6,5.0
svm,signo_zodiacal_capricornio,29,0.5,0.53,0.5442857142857143,0.56,0.539618812559989,0.5269999999999999,0.5379527569953266,5.6,5.0,5.0,4.4
svm,signo_zodiacal_capricornio,30,0.5,0.49000000000000005,0.46182539682539686,0.36,0.40251805985552114,0.49800000000000005,0.5294508716257942,3.6,3.8,6.2,6.4
svm,signo_zodiacal_capricornio,31,0.5,0.42000000000000004,0.3888455988455988,0.36000000000000004,0.3676126144237599,0.352,0.4452926452632335,3.6,5.2,4.8,6.4
svm,signo_zodiacal_capricornio,32,0.5,0.47000000000000003,0.4547186147186147,0.52,0.47938782785841616,0.42000000000000004,0.5376838547589322,5.2,5.8,4.2,4.8
svm,signo_zodiacal_capricornio,33,0.5,0.4600000000000001,0.4586940836940837,0.5800000000000001,0.4943977591036415,0.389,0.49705542969242666,5.8,6.6,3.4,4.2
svm,signo_zodiacal_capricornio,34,0.5,0.44000000000000006,0.4557264957264957,0.54,0.4899588100686499,0.42800000000000005,0.5368553391053391,5.4,6.6,3.4,4.6
svm,signo_zodiacal_capricornio,35,0.5,0.38,0.356474358974359,0.45999999999999996,0.3934845782237087,0.286,0.41795214323000696,4.6,7.0,3.0,5.4
svm,signo_zodiacal_capricornio,36,0.5,0.5,0.5033333333333333,0.52,0.510909090909091,0.542,0.5754996849555674,5.2,5.2,4.8,4.8
svm,signo_zodiacal_capricornio,37,0.5,0.44000000000000006,0.4305555555555555,0.4,0.4057017543859649,0.387,0.5057141327025227,4.0,5.2,4.8,6.0
svm,signo_zodiacal_capricornio,38,0.5,0.4600000000000001,0.4257142857142857,0.38,0.39566760037348275,0.4960000000000001,0.506592543679231,3.8,4.6,5.4,6.2
svm,signo_zodiacal_capricornio,39,0.5,0.48,0.4465811965811966,0.5,0.46027866107957643,0.47400000000000003,0.5295571285439706,5.0,5.4,4.6,5.0
svm,signo_zodiacal_capricornio,40,0.5,0.5,0.4962204462204462,0.5800000000000001,0.5301085388041911,0.548,0.6187720802589224,5.8,5.8,4.2,4.2
svm,signo_zodiacal_capricornio,41,0.5,0.48999999999999994,0.49735819735819736,0.5599999999999999,0.5247624991332085,0.508,0.5568759188008414,5.6,5.8,4.2,4.4
svm,signo_zodiacal_capricornio,42,0.5,0.37,0.2533333333333333,0.26,0.24898245614035086,0.391,0.46184395549411034,2.6,5.2,4.8,7.4
svm,signo_zodiacal_capricornio,43,0.5,0.48,0.4761965811965812,0.48,0.4752250190694126,0.5459999999999999,0.6312859150653267,4.8,5.2,4.8,5.2
svm,signo_zodiacal_capricornio,44,0.5,0.53,0.527979797979798,0.45999999999999996,0.47910230120756436,0.534,0.5768348585538987,4.6,4.0,6.0,5.4
svm,signo_zodiacal_capricornio,45,0.5,0.53,0.522979797979798,0.52,0.518751424014582,0.524,0.5757115370010106,5.2,4.6,5.4,4.8
svm,signo_zodiacal_capricornio,46,0.5,0.48999999999999994,0.48769230769230765,0.4999999999999999,0.49121281464530886,0.534,0.6035620217415882,5.0,5.2,4.8,5.0
svm,signo_zodiacal_capricornio,47,0.5,0.5,0.49682539682539684,0.31999999999999995,0.37902599636345763,0.45,0.5300535116758026,3.2,3.2,6.8,6.8
svm,signo_zodiacal_capricornio,48,0.5,0.5599999999999999,0.5622655122655124,0.58,0.5651629072681704,0.5980000000000001,0.6133781186134126,5.8,4.6,5.4,4.2
svm,signo_zodiacal_capricornio,49,0.5,0.44000000000000006,0.44022578728461087,0.5599999999999999,0.48659147869674185,0.394,0.5051754018255565,5.6,6.8,3.2,4.4
svm,signo_zodiacal_capricornio,50,0.5,0.41,0.36444444444444446,0.26,0.2998830409356725,0.372,0.4887367200223237,2.6,4.4,5.6,7.4
svm,signo_zodiacal_capricornio,51,0.5,0.5000000000000001,0.4884615384615384,0.6,0.5366756812981069,0.434,0.4995718627777451,6.0,6.0,4.0,4.0
svm,signo_zodiacal_capricornio,52,0.5,0.5700000000000001,0.5638034188034188,0.6599999999999999,0.5987800661072973,0.61,0.6273605050779973,6.6,5.2,4.8,3.4
svm,signo_zodiacal_capricornio,53,0.5,0.54,0.5460606060606061,0.52,0.5313951545530492,0.5619999999999999,0.6058665423843441,5.2,4.4,5.6,4.8
svm,signo_zodiacal_capricornio,54,0.5,0.5700000000000001,0.5900000000000001,0.43999999999999995,0.4972222222222221,0.5959999999999999,0.6205663492853896,4.4,3.0,7.0,5.6
svm,signo_zodiacal_capricornio,55,0.5,0.45,0.4591991341991342,0.48,0.4647451963241437,0.434,0.504661080749316,4.8,5.8,4.2,5.2
svm,signo_zodiacal_capricornio,56,0.5,0.5,0.49860139860139857,0.6599999999999999,0.5669772256728779,0.483,0.550724902548432,6.6,6.6,3.4,3.4
svm,signo_zodiacal_capricornio,57,0.5,0.41,0.427972027972028,0.52,0.4687370600414078,0.466,0.5824310432429627,5.2,7.0,3.0,4.8
svm,signo_zodiacal_capricornio,58,0.5,0.38,0.37666666666666665,0.32,0.33436773752563226,0.344,0.4948348883658481,3.2,5.6,4.4,6.8
svm,signo_zodiacal_capricornio,59,0.5,0.41000000000000003,0.40757020757020757,0.41999999999999993,0.4103583767603151,0.442,0.5076538249332366,4.2,6.0,4.0,5.8
svm,signo_zodiacal_capricornio,60,0.5,0.54,0.5690909090909091,0.45999999999999996,0.48761904761904756,0.536,0.6115454612466996,4.6,3.8,6.2,5.4
svm,signo_zodiacal_capricornio,61,0.5,0.58,0.5716483516483517,0.62,0.5804566379911649,0.6080000000000001,0.5927930664107135,6.2,4.6,5.4,3.8
svm,signo_zodiacal_capricornio,62,0.5,0.4600000000000001,0.44666666666666666,0.36,0.3948538011695906,0.4619999999999999,0.5215772071066189,3.6,4.4,5.6,6.4
svm,signo_zodiacal_capricornio,63,0.5,0.6100000000000001,0.6113886113886113,0.64,0.6186822555109,0.634,0.6655512065334046,6.4,4.2,5.8,3.6
svm,signo_zodiacal_capricornio,64,0.5,0.49000000000000005,0.48722943722943723,0.48,0.478957643663526,0.44400000000000006,0.5190668961241716,4.8,5.0,5.0,5.2
svm,signo_zodiacal_capricornio,65,0.5,0.56,0.5555769230769231,0.74,0.6279077627178313,0.53,0.5693511380260606,7.4,6.2,3.8,2.6
svm,signo_zodiacal_capricornio,66,0.5,0.39,0.3785620915032679,0.48,0.4149395711500975,0.334,0.4562337401160931,4.8,7.0,3.0,5.2
svm,signo_zodiacal_capricornio,67,0.5,0.47000000000000003,0.47412587412587415,0.54,0.503914925654056,0.47000000000000003,0.5552768157195402,5.4,6.0,4.0,4.6
svm,signo_zodiacal_capricornio,68,0.5,0.39,0.38476190476190475,0.42000000000000004,0.38782456140350874,0.312,0.4280653143725899,4.2,6.4,3.6,5.8
svm,signo_zodiacal_capricornio,69,0.5,0.5000000000000001,0.4985281385281385,0.6199999999999999,0.5496623376623376,0.54,0.6181023110876052,6.2,6.2,3.8,3.8
svm,signo_zodiacal_capricornio,70,0.5,0.47000000000000003,0.4662082362082362,0.52,0.4894881472455843,0.466,0.5571803023258132,5.2,5.8,4.2,4.8
svm,signo_zodiacal_capricornio,71,0.5,0.54,0.5366233766233766,0.5199999999999999,0.5258263305322128,0.558,0.6441959980164315,5.2,4.4,5.6,4.8
svm,signo_zodiacal_capricornio,72,0.5,0.5200000000000001,0.5291330891330891,0.62,0.5639267734553777,0.492,0.5432121212121211,6.2,5.8,4.2,3.8
svm,signo_zodiacal_capricornio,73,0.5,0.55,0.5310023310023311,0.6199999999999999,0.5699901928734881,0.5560000000000002,0.6012454893747463,6.2,5.2,4.8,3.8
svm,signo_zodiacal_capricornio,74,0.5,0.51,0.49575757575757573,0.5399999999999999,0.5100432900432901,0.52,0.5756475829811742,5.4,5.2,4.8,4.6
svm,signo_zodiacal_capricornio,75,0.5,0.45,0.44102564102564107,0.5399999999999999,0.4828502415458937,0.488,0.6082404082845259,5.4,6.4,3.6,4.6
svm,signo_zodiacal_capricornio,76,0.5,0.51,0.49833333333333335,0.64,0.5552727272727273,0.5660000000000001,0.6249057235334324,6.4,6.2,3.8,3.6
svm,signo_zodiacal_capricornio,77,0.5,0.5700000000000001,0.5691341991341992,0.58,0.5699618029029794,0.5780000000000001,0.6040311977324361,5.8,4.4,5.6,4.2
svm,signo_zodiacal_capricornio,78,0.5,0.4800000000000001,0.48428321678321673,0.6399999999999999,0.5467940754897276,0.5,0.5449816651356899,6.4,6.8,3.2,3.6
svm,signo_zodiacal_capricornio,79,0.5,0.51,0.5367521367521368,0.48,0.47670500107571046,0.5820000000000001,0.6206247114598508,4.8,4.6,5.4,5.2
svm,signo_zodiacal_capricornio,80,0.5,0.58,0.5716880341880343,0.7,0.624813173096926,0.53,0.5364611205787677,7.0,5.4,4.6,3.0
svm,signo_zodiacal_capricornio,81,0.5,0.51,0.5266666666666666,0.5399999999999999,0.5215238095238095,0.5200000000000001,0.6131011755702158,5.4,5.2,4.8,4.6
svm,signo_zodiacal_capricornio,82,0.5,0.58,0.5976800976800977,0.45999999999999996,0.49362555266781943,0.64,0.6722502199383004,4.6,3.0,7.0,5.4
svm,signo_zodiacal_capricornio,83,0.5,0.5700000000000001,0.6188888888888888,0.42000000000000004,0.4930994152046783,0.602,0.660134643134643,4.2,2.8,7.2,5.8
svm,signo_zodiacal_capricornio,84,0.5,0.45999999999999996,0.45,0.3,0.35172932330827067,0.39399999999999996,0.5057018029270351,3.0,3.8,6.2,7.0
svm,signo_zodiacal_capricornio,85,0.5,0.5599999999999999,0.6060606060606061,0.5,0.5365971747550695,0.5700000000000001,0.5863387610841171,5.0,3.8,6.2,5.0
svm,signo_zodiacal_capricornio,86,0.5,0.5700000000000001,0.5832478632478632,0.5399999999999999,0.5522654462242562,0.568,0.6489644864938982,5.4,4.0,6.0,4.6
svm,signo_zodiacal_capricornio,87,0.5,0.5,0.4844444444444444,0.38,0.4191520467836257,0.49800000000000005,0.5879236411163655,3.8,3.8,6.2,6.2
svm,signo_zodiacal_capricornio,88,0.5,0.51,0.4963636363636364,0.5599999999999999,0.5187099567099567,0.592,0.6614139106507527,5.6,5.4,4.6,4.4
svm,signo_zodiacal_capricornio,89,0.5,0.5,0.5417460317460318,0.4,0.4475718708536046,0.51,0.5876596300156671,4.0,4.0,6.0,6.0
svm,signo_zodiacal_capricornio,90,0.5,0.52,0.52,0.58,0.538045112781955,0.5700000000000001,0.5963993306315288,5.8,5.4,4.6,4.2
svm,signo_zodiacal_capricornio,91,0.5,0.56,0.5761904761904761,0.52,0.5423755467099121,0.562,0.6302446432136835,5.2,4.0,6.0,4.8
svm,signo_zodiacal_capricornio,92,0.5,0.5,0.46678321678321677,0.4800000000000001,0.4645962732919255,0.476,0.5112429190176868,4.8,4.8,5.2,5.2
svm,signo_zodiacal_capricornio,93,0.5,0.4999999999999999,0.5040743570155335,0.6799999999999999,0.5758778258778259,0.4779999999999999,0.5492050074108897,6.8,6.8,3.2,3.2
svm,signo_zodiacal_capricornio,94,0.5,0.43000000000000005,0.4177777777777778,0.36,0.3563973478847621,0.41400000000000003,0.49928622315077426,3.6,5.0,5.0,6.4
svm,signo_zodiacal_capricornio,95,0.5,0.55,0.5761904761904761,0.38000000000000006,0.4565359477124183,0.59,0.6398528240765082,3.8,2.8,7.2,6.2
svm,signo_zodiacal_capricornio,96,0.5,0.52,0.5218614718614718,0.48,0.49440624734742383,0.48,0.5817266083589612,4.8,4.4,5.6,5.2
svm,signo_zodiacal_capricornio,97,0.5,0.5,0.5083333333333333,0.36,0.41944444444444445,0.538,0.55827637232049,3.6,3.6,6.4,6.4
svm,signo_zodiacal_capricornio,98,0.5,0.54,0.5427045177045177,0.6,0.5631463375170469,0.582,0.6053945021267003,6.0,5.2,4.8,4.0
svm,signo_zodiacal_capricornio,99,0.5,0.5900000000000001,0.6005555555555555,0.6,0.5951461988304094,0.6359999999999999,0.6803642327744495,6.0,4.2,5.8,4.0
svm,signo_zodiacal_capricornio,100,0.5,0.45999999999999996,0.4617582417582418,0.42000000000000004,0.4246433645922137,0.392,0.49137514137049737,4.2,5.0,5.0,5.8
svm,signo_zodiacal_capricornio,101,0.5,0.51,0.5111111111111111,0.43999999999999995,0.4671318447634237,0.542,0.5764908686085157,4.4,4.2,5.8,5.6
svm,signo_zodiacal_capricornio,102,0.5,0.4800000000000001,0.5136752136752136,0.39999999999999997,0.41524882440214245,0.5279999999999999,0.5969084341011585,4.0,4.4,5.6,6.0
svm,signo_zodiacal_capricornio,103,0.5,0.55,0.5144444444444444,0.54,0.5132412850307586,0.52,0.5639573559395541,5.4,4.4,5.6,4.6
svm,signo_zodiacal_capricornio,104,0.5,0.56,0.5596464646464646,0.54,0.5483208020050125,0.6060000000000001,0.6563793679660552,5.4,4.2,5.8,4.6
svm,signo_zodiacal_capricornio,105,0.5,0.48,0.5,0.43999999999999995,0.4595959595959596,0.48200000000000004,0.5617483072483072,4.4,4.8,5.2,5.6
svm,signo_zodiacal_capricornio,106,0.5,0.45999999999999996,0.46113886113886104,0.6,0.5205815923207228,0.52,0.6045228725522842,6.0,6.8,3.2,4.0
svm,signo_zodiacal_capricornio,107,0.5,0.52,0.5301587301587302,0.6,0.5573365231259968,0.502,0.5445142434964416,6.0,5.6,4.4,4.0
svm,signo_zodiacal_capricornio,108,0.5,0.5,0.49428571428571433,0.4800000000000001,0.4772222222222222,0.5349999999999999,0.5847140343316812,4.8,4.8,5.2,5.2
svm,signo_zodiacal_capricornio,109,0.5,0.52,0.5266233766233765,0.4,0.42643239113827347,0.522,0.5961552979184559,4.0,3.6,6.4,6.0
svm,signo_zodiacal_capricornio,110,0.5,0.35,0.3472693972693973,0.42000000000000004,0.3775855006034034,0.32700000000000007,0.45842461606161294,4.2,7.2,2.8,5.8
svm,signo_zodiacal_capricornio,111,0.5,0.5599999999999999,0.5615584415584415,0.41999999999999993,0.45578431372549016,0.5720000000000001,0.6267916805416804,4.2,3.0,7.0,5.8
svm,signo_zodiacal_capricornio,112,0.5,0.5700000000000001,0.571590909090909,0.7,0.6194139194139194,0.6260000000000001,0.6901452219950671,7.0,5.6,4.4,3.0
svm,signo_zodiacal_capricornio,113,0.5,0.5599999999999999,0.5506060606060605,0.72,0.621939393939394,0.5479999999999999,0.6117000966869387,7.2,6.0,4.0,2.8
svm,signo_zodiacal_capricornio,114,0.5,0.4,0.36787878787878786,0.24000000000000005,0.28349206349206346,0.41500000000000004,0.5143692057856144,2.4,4.4,5.6,7.6
svm,signo_zodiacal_capricornio,115,0.5,0.5700000000000001,0.5531934731934731,0.74,0.6311552795031056,0.624,0.6673921901112303,7.4,6.0,4.0,2.6
svm,signo_zodiacal_capricornio,116,0.5,0.4600000000000001,0.4637529137529137,0.5,0.47772758642323854,0.48,0.5683169499918727,5.0,5.8,4.2,5.0
svm,signo_zodiacal_capricornio,117,0.5,0.45,0.42646464646464644,0.45999999999999996,0.43644862155388464,0.48999999999999994,0.5209118006176829,4.6,5.6,4.4,5.4
svm,signo_zodiacal_capricornio,118,0.5,0.45,0.4575396825396825,0.4600000000000001,0.4469298245614035,0.41,0.5381721295560304,4.6,5.6,4.4,5.4
svm,signo_zodiacal_capricornio,119,0.5,0.56,0.5743589743589743,0.58,0.5647215865751335,0.5599999999999999,0.5912649191194083,5.8,4.6,5.4,4.2
svm,signo_zodiacal_capricornio,120,0.5,0.5,0.502987012987013,0.6599999999999999,0.5689090909090909,0.44800000000000006,0.49291449322950864,6.6,6.6,3.4,3.4
svm,signo_zodiacal_capricornio,121,0.5,0.52,0.530952380952381,0.5800000000000001,0.5424242424242424,0.49399999999999994,0.5700049913107188,5.8,5.4,4.6,4.2
svm,signo_zodiacal_capricornio,122,0.5,0.47000000000000003,0.4727272727272728,0.29999999999999993,0.3551820728291316,0.51,0.5729443877416014,3.0,3.6,6.4,7.0
svm,signo_zodiacal_capricornio,123,0.5,0.52,0.5190476190476191,0.43999999999999995,0.47526659786721714,0.51,0.5449429269560848,4.4,4.0,6.0,5.6
svm,signo_zodiacal_capricornio,124,0.5,0.51,0.5173076923076924,0.5,0.5043478260869565,0.446,0.5181538657421011,5.0,4.8,5.2,5.0
svm,signo_zodiacal_capricornio,125,0.5,0.49000000000000005,0.45852813852813845,0.36,0.39567153177060294,0.442,0.5322189034735474,3.6,3.8,6.2,6.4
svm,signo_zodiacal_capricornio,126,0.5,0.48,0.4765811965811966,0.5,0.47761632341723875,0.524,0.5798251727632532,5.0,5.4,4.6,5.0
svm,signo_zodiacal_capricornio,127,0.5,0.45,0.43802197802197806,0.44000000000000006,0.4249360613810742,0.39,0.48169311407546694,4.4,5.4,4.6,5.6
svm,signo_zodiacal_capricornio,128,0.5,0.53,0.4892857142857142,0.36,0.4000339529751294,0.51,0.5585056163306937,3.6,3.0,7.0,6.4
svm,signo_zodiacal_capricornio,129,0.5,0.5,0.4866666666666667,0.45999999999999996,0.4694949494949495,0.5,0.585718899951098,4.6,4.6,5.4,5.4
svm,signo_zodiacal_capricornio,130,0.5,0.41000000000000003,0.40484126984126984,0.44000000000000006,0.41693779904306216,0.43,0.520368292869841,4.4,6.2,3.8,5.6
svm,signo_zodiacal_capricornio,131,0.5,0.53,0.5340909090909091,0.44000000000000006,0.4789915966386554,0.568,0.5832570534041122,4.4,3.8,6.2,5.6
svm,signo_zodiacal_capricornio,132,0.5,0.54,0.5333333333333333,0.48,0.49343434343434345,0.522,0.5592852688247425,4.8,4.0,6.0,5.2
svm,signo_zodiacal_capricornio,133,0.5,0.52,0.5039393939393939,0.48,0.4828282828282829,0.5399999999999999,0.59904178947987,4.8,4.4,5.6,5.2
svm,signo_zodiacal_capricornio,134,0.5,0.6200000000000001,0.6053724053724053,0.6599999999999999,0.624280767018686,0.615,0.6531046355605179,6.6,4.2,5.8,3.4
svm,signo_zodiacal_capricornio,135,0.5,0.5,0.5034188034188034,0.42000000000000004,0.4318332062039156,0.438,0.4864700854700855,4.2,4.2,5.8,5.8
svm,signo_zodiacal_capricornio,136,0.5,0.5800000000000001,0.6066666666666667,0.44000000000000006,0.5015204678362573,0.612,0.6378073839645046,4.4,2.8,7.2,5.6
svm,signo_zodiacal_capricornio,137,0.5,0.5199999999999999,0.5284188034188034,0.54,0.530245904616614,0.55,0.604092868947358,5.4,5.0,5.0,4.6
svm,signo_zodiacal_capricornio,138,0.5,0.54,0.5451948051948052,0.5599999999999999,0.547537560478737,0.5519999999999999,0.6481304153362977,5.6,4.8,5.2,4.4
svm,signo_zodiacal_capricornio,139,0.5,0.45999999999999996,0.45904761904761904,0.32,0.3627671674730498,0.45,0.5376283922475873,3.2,4.0,6.0,6.8
svm,signo_zodiacal_capricornio,140,0.5,0.32,0.3022186147186147,0.33999999999999997,0.31314712119665683,0.35,0.48213398692810455,3.4,7.0,3.0,6.6
svm,signo_zodiacal_capricornio,141,0.5,0.47000000000000003,0.4603174603174603,0.42000000000000004,0.4349108064278343,0.53,0.6233235365425767,4.2,4.8,5.2,5.8
svm,signo_zodiacal_capricornio,142,0.5,0.59,0.5924242424242424,0.54,0.5513328776486672,0.6380000000000001,0.6589583739274142,5.4,3.6,6.4,4.6
svm,signo_zodiacal_capricornio,143,0.5,0.52,0.5119658119658119,0.5599999999999999,0.5304116681691052,0.522,0.6093467541230699,5.6,5.2,4.8,4.4
svm,signo_zodiacal_capricornio,144,0.5,0.55,0.562857142857143,0.58,0.5637340153452686,0.562,0.631543909908461,5.8,4.8,5.2,4.2
svm,signo_zodiacal_capricornio,145,0.5,0.4,0.42699966699966696,0.44000000000000006,0.4222153209109731,0.40800000000000003,0.5076346720874584,4.4,6.4,3.6,5.6
svm,signo_zodiacal_capricornio,146,0.5,0.52,0.5077922077922078,0.44000000000000006,0.46379551820728293,0.476,0.5289758395199572,4.4,4.0,6.0,5.6
svm,signo_zodiacal_capricornio,147,0.5,0.51,0.5199999999999999,0.34,0.4018487394957983,0.492,0.5453598988730568,3.4,3.2,6.8,6.6
svm,signo_zodiacal_capricornio,148,0.5,0.54,0.5392857142857143,0.58,0.5505847953216374,0.512,0.526850857261074,5.8,5.0,5.0,4.2
svm,signo_zodiacal_capricornio,149,0.5,0.48999999999999994,0.5025396825396825,0.58,0.5346834477498092,0.4659999999999999,0.5454302837685191,5.8,6.0,4.0,4.2
svm,signo_zodiacal_capricornio,150,0.5,0.54,0.5536940836940836,0.44000000000000006,0.4824178092289547,0.538,0.5781064099299393,4.4,3.6,6.4,5.6
svm,signo_zodiacal_capricornio,151,0.5,0.5199999999999999,0.5167832167832167,0.6,0.5526915113871635,0.53,0.5392980249025141,6.0,5.6,4.4,4.0
svm,signo_zodiacal_capricornio,152,0.5,0.51,0.5002020202020202,0.4600000000000001,0.45310198573356464,0.45999999999999996,0.5165486992367797,4.6,4.4,5.6,5.4
svm,signo_zodiacal_capricornio,153,0.5,0.48,0.48851981351981355,0.52,0.499874521613652,0.48599999999999993,0.5375461950330371,5.2,5.6,4.4,4.8
svm,signo_zodiacal_capricornio,154,0.5,0.4600000000000001,0.4639156268568033,0.6,0.516876230981494,0.458,0.5356186580876983,6.0,6.8,3.2,4.0
svm,signo_zodiacal_capricornio,155,0.5,0.37,0.37653679653679656,0.42000000000000004,0.38952380952380955,0.33799999999999997,0.46156439458374443,4.2,6.8,3.2,5.8
svm,signo_zodiacal_capricornio,156,0.5,0.53,0.5440476190476191,0.48,0.49366515837104075,0.5479999999999999,0.576294020908572,4.8,4.2,5.8,5.2
svm,signo_zodiacal_capricornio,157,0.5,0.42000000000000004,0.3078321678321679,0.38,0.33519461697722563,0.36000000000000004,0.4399615101101169,3.8,5.4,4.6,6.2
svm,signo_zodiacal_capricornio,158,0.5,0.55,0.5506410256410257,0.54,0.5359134826526131,0.5920000000000001,0.6444652369474351,5.4,4.4,5.6,4.6
svm,signo_zodiacal_capricornio,159,0.5,0.51,0.509090909090909,0.42000000000000004,0.4567693744164332,0.5640000000000001,0.621816339920829,4.2,4.0,6.0,5.8
svm,signo_zodiacal_capricornio,160,0.5,0.41999999999999993,0.4261849261849262,0.42000000000000004,0.42010824161853905,0.43599999999999994,0.5263530146324263,4.2,5.8,4.2,5.8
svm,signo_zodiacal_capricornio,161,0.5,0.62,0.6888888888888889,0.48,0.5558771929824561,0.6300000000000001,0.6984804351994753,4.8,2.4,7.6,5.2
svm,signo_zodiacal_capricornio,162,0.5,0.5700000000000001,0.5961616161616161,0.47999999999999987,0.5192105263157895,0.585,0.624319865806708,4.8,3.4,6.6,5.2
svm,signo_zodiacal_capricornio,163,0.5,0.53,0.5433766233766233,0.52,0.511480284421461,0.5599999999999999,0.6134800085535379,5.2,4.6,5.4,4.8
svm,signo_zodiacal_capricornio,164,0.5,0.4600000000000001,0.45817460317460323,0.4,0.4249948400412797,0.466,0.5616671665967331,4.0,4.8,5.2,6.0
svm,signo_zodiacal_capricornio,165,0.5,0.39,0.39294039294039296,0.44000000000000006,0.40838509316770183,0.404,0.47950292964689256,4.4,6.6,3.4,5.6
svm,signo_zodiacal_capricornio,166,0.5,0.54,0.5602020202020203,0.42000000000000004,0.46843776106934004,0.5700000000000001,0.6032457722016545,4.2,3.4,6.6,5.8
svm,signo_zodiacal_capricornio,167,0.5,0.51,0.49133089133089136,0.54,0.5034182281725693,0.502,0.5695097010832304,5.4,5.2,4.8,4.6
svm,signo_zodiacal_capricornio,168,0.5,0.4,0.4046031746031746,0.36000000000000004,0.37823310504425056,0.274,0.4484670387232307,3.6,5.6,4.4,6.4
svm,signo_zodiacal_capricornio,169,0.5,0.6,0.5893284493284494,0.6199999999999999,0.5965890429398304,0.616,0.643703219381238,6.2,4.2,5.8,3.8
svm,signo_zodiacal_capricornio,170,0.5,0.43,0.4495770895770896,0.5199999999999999,0.4736124710753867,0.426,0.5037321175556471,5.2,6.6,3.4,4.8
svm,signo_zodiacal_capricornio,171,0.5,0.56,0.5549650349650349,0.6799999999999999,0.6084057971014493,0.58,0.6202180966608211,6.8,5.6,4.4,3.2
svm,signo_zodiacal_capricornio,172,0.5,0.45000000000000007,0.4405677655677655,0.52,0.4718535469107552,0.472,0.5387116043571152,5.2,6.2,3.8,4.8
svm,signo_zodiacal_capricornio,173,0.5,0.55,0.5411111111111111,0.68,0.5976267942583733,0.584,0.641206514245988,6.8,5.8,4.2,3.2
svm,signo_zodiacal_capricornio,174,0.5,0.54,0.5381396381396382,0.6,0.556477560219652,0.596,0.6572038861551246,6.0,5.2,4.8,4.0
svm,signo_zodiacal_capricornio,175,0.5,0.55,0.5928571428571429,0.42000000000000004,0.4817239176372302,0.49800000000000005,0.5733888158625,4.2,3.2,6.8,5.8
svm,signo_zodiacal_capricornio,176,0.5,0.48,0.4766666666666667,0.3,0.35471861471861466,0.48599999999999993,0.5666167341430499,3.0,3.4,6.6,7.0
svm,signo_zodiacal_capricornio,177,0.5,0.61,0.5906837606837607,0.7,0.6360049927189515,0.634,0.6567359205122363,7.0,4.8,5.2,3.0
svm,signo_zodiacal_capricornio,178,0.5,0.47000000000000003,0.4989010989010989,0.56,0.5187669534216849,0.418,0.5034825946327495,5.6,6.2,3.8,4.4
svm,signo_zodiacal_capricornio,179,0.5,0.55,0.5526355996944232,0.58,0.550140056022409,0.554,0.5791237167545218,5.8,4.8,5.2,4.2
svm,signo_zodiacal_capricornio,180,0.5,0.5700000000000001,0.5748917748917749,0.4999999999999999,0.5315445476436189,0.576,0.5909077284944158,5.0,3.6,6.4,5.0
svm,signo_zodiacal_capricornio,181,0.5,0.5000000000000001,0.5214285714285715,0.36,0.4163644405130474,0.49000000000000005,0.599343665965957,3.6,3.6,6.4,6.4
svm,signo_zodiacal_capricornio,182,0.5,0.55,0.5630555555555555,0.58,0.5645344129554655,0.5700000000000001,0.61660641525657,5.8,4.8,5.2,4.2
svm,signo_zodiacal_capricornio,183,0.5,0.48999999999999994,0.5073109243697479,0.54,0.505,0.534,0.6015732302613108,5.4,5.6,4.4,4.6
svm,signo_zodiacal_capricornio,184,0.5,0.5,0.48623376623376624,0.4600000000000001,0.4708182220256523,0.516,0.5613259616200792,4.6,4.6,5.4,5.4
svm,signo_zodiacal_capricornio,185,0.5,0.5,0.5161172161172162,0.52,0.5021642253739441,0.538,0.5961532623723026,5.2,5.2,4.8,4.8
svm,signo_zodiacal_capricornio,186,0.5,0.5700000000000001,0.5822161172161172,0.5800000000000001,0.5673861892583121,0.609,0.6684741071621876,5.8,4.4,5.6,4.2
svm,signo_zodiacal_capricornio,187,0.5,0.4699999999999999,0.46582463288345644,0.58,0.5090726817042606,0.476,0.5758053521126276,5.8,6.4,3.6,4.2
svm,signo_zodiacal_capricornio,188,0.5,0.54,0.5200854700854701,0.62,0.5600416059912627,0.5359999999999999,0.5628937082009837,6.2,5.4,4.6,3.8
svm,signo_zodiacal_capricornio,189,0.5,0.4,0.42059052059052054,0.52,0.4614154952598889,0.38,0.4889246221614642,5.2,7.2,2.8,4.8
svm,signo_zodiacal_capricornio,190,0.5,0.54,0.5082478632478632,0.52,0.4918299986309139,0.529,0.5812334883039219,5.2,4.4,5.6,4.8
svm,signo_zodiacal_capricornio,191,0.5,0.42000000000000004,0.4321428571428571,0.58,0.4897435897435898,0.388,0.4971975092331129,5.8,7.4,2.6,4.2
svm,signo_zodiacal_capricornio,192,0.5,0.47000000000000003,0.48571428571428565,0.34,0.38417348045831023,0.44800000000000006,0.5308208376590728,3.4,4.0,6.0,6.6
svm,signo_zodiacal_capricornio,193,0.5,0.43,0.4331002331002331,0.5,0.4623297373869456,0.418,0.5515040900791675,5.0,6.4,3.6,5.0
svm,signo_zodiacal_capricornio,194,0.5,0.5700000000000001,0.5832167832167832,0.6,0.5865077714047965,0.548,0.587207087803837,6.0,4.6,5.4,4.0
svm,signo_zodiacal_capricornio,195,0.5,0.55,0.5419191919191919,0.5599999999999999,0.5479911900964533,0.571,0.5938774266669002,5.6,4.6,5.4,4.4
svm,signo_zodiacal_capricornio,196,0.5,0.59,0.5974747474747474,0.5599999999999999,0.5751044277360066,0.6039999999999999,0.6112343842947559,5.6,3.8,6.2,4.4
svm,signo_zodiacal_capricornio,197,0.5,0.34,0.31846405228758173,0.31999999999999995,0.30692007797270954,0.22000000000000003,0.39058013211418785,3.2,6.4,3.6,6.8
svm,signo_zodiacal_capricornio,198,0.5,0.5800000000000001,0.6057142857142856,0.48,0.5330718954248367,0.584,0.6415888370315613,4.8,3.2,6.8,5.2
svm,signo_zodiacal_capricornio,199,0.5,0.48,0.4666666666666667,0.44000000000000006,0.4416666666666667,0.41200000000000003,0.4930647151266346,4.4,4.8,5.2,5.6
svm,signo_zodiacal_capricornio,200,0.5,0.55,0.61,0.4,0.4661777438248026,0.5040000000000001,0.5697896095132936,4.0,3.0,7.0,6.0
svm,signo_zodiacal_capricornio,201,0.5,0.5,0.4790476190476191,0.38000000000000006,0.3982463549522373,0.483,0.5470036048402921,3.8,3.8,6.2,6.2
svm,signo_zodiacal_capricornio,202,0.5,0.33999999999999997,0.35809523809523813,0.42000000000000004,0.3851515151515152,0.328,0.45186891213361796,4.2,7.4,2.6,5.8
svm,signo_zodiacal_capricornio,203,0.5,0.45,0.42698412698412697,0.4000000000000001,0.40276057791537667,0.426,0.48350898997803016,4.0,5.0,5.0,6.0
svm,signo_zodiacal_capricornio,204,0.5,0.51,0.5138528138528138,0.5599999999999999,0.5278564057201828,0.576,0.6201102585924567,5.6,5.4,4.6,4.4
svm,signo_zodiacal_capricornio,205,0.5,0.48,0.4769230769230769,0.58,0.5200474308300395,0.466,0.518066026079184,5.8,6.2,3.8,4.2
svm,signo_zodiacal_capricornio,206,0.5,0.4699999999999999,0.4622994652406417,0.54,0.49153439153439155,0.502,0.575880896279503,5.4,6.0,4.0,4.6
svm,signo_zodiacal_capricornio,207,0.5,0.56,0.5766666666666667,0.45999999999999996,0.5053801169590644,0.6,0.6583916459357635,4.6,3.4,6.6,5.4
svm,signo_zodiacal_capricornio,208,0.5,0.55,0.5673076923076923,0.45999999999999996,0.49482401656314695,0.512,0.5644556179115002,4.6,3.6,6.4,5.4
svm,signo_zodiacal_capricornio,209,0.5,0.49000000000000005,0.5088711288711288,0.48,0.48777818373726306,0.5359999999999999,0.628941261353026,4.8,5.0,5.0,5.2
svm,signo_zodiacal_capricornio,210,0.5,0.49000000000000005,0.49730769230769234,0.58,0.5276267693658998,0.49800000000000005,0.5512561943560396,5.8,6.0,4.0,4.2
svm,signo_zodiacal_capricornio,211,0.5,0.42000000000000004,0.37681818181818183,0.32000000000000006,0.3371428571428571,0.45999999999999996,0.5544249757810128,3.2,4.8,5.2,6.8
svm,signo_zodiacal_capricornio,212,0.5,0.51,0.5067099567099567,0.6,0.5440836940836942,0.48,0.5300006372196775,6.0,5.8,4.2,4.0
svm,signo_zodiacal_capricornio,213,0.5,0.41,0.38,0.33999999999999997,0.3461227661227661,0.442,0.5203514818514818,3.4,5.2,4.8,6.6
svm,signo_zodiacal_capricornio,214,0.5,0.55,0.5714285714285714,0.52,0.5319693094629157,0.548,0.6109486032543308,5.2,4.2,5.8,4.8
svm,signo_zodiacal_capricornio,215,0.5,0.49000000000000005,0.4952247752247752,0.58,0.532215320910973,0.53,0.5990890421068439,5.8,6.0,4.0,4.2
svm,signo_zodiacal_capricornio,216,0.5,0.44000000000000006,0.44025974025974024,0.5,0.4625795772854596,0.4840000000000001,0.5589038994201533,5.0,6.2,3.8,5.0
svm,signo_zodiacal_capricornio,217,0.5,0.5,0.5010256410256411,0.5999999999999999,0.5424664031620554,0.4960000000000001,0.5845761301821673,6.0,6.0,4.0,4.0
svm,signo_zodiacal_capricornio,218,0.5,0.49000000000000005,0.45575757575757575,0.38,0.40782372598162075,0.49000000000000005,0.5194685934980052,3.8,4.0,6.0,6.2
svm,signo_zodiacal_capricornio,219,0.5,0.54,0.5398412698412699,0.5800000000000001,0.5486778237242633,0.542,0.6246450212154546,5.8,5.0,5.0,4.2
svm,signo_zodiacal_capricornio,220,0.5,0.47000000000000003,0.47745098039215694,0.7,0.5660942760942762,0.45,0.5127040196645459,7.0,7.6,2.4,3.0
svm,signo_zodiacal_capricornio,221,0.5,0.55,0.5256959706959707,0.6200000000000001,0.5645849802371542,0.6439999999999999,0.7133142370185713,6.2,5.2,4.8,3.8
svm,signo_zodiacal_capricornio,222,0.5,0.42000000000000004,0.3784090909090909,0.4,0.3779304029304029,0.386,0.4942384586517714,4.0,5.6,4.4,6.0
svm,signo_zodiacal_capricornio,223,0.5,0.52,0.5283333333333333,0.45999999999999996,0.4866666666666667,0.5740000000000001,0.6605708191017787,4.6,4.2,5.8,5.4
svm,signo_zodiacal_capricornio,224,0.5,0.48,0.48,0.48,0.477979797979798,0.48600000000000004,0.537691593923792,4.8,5.2,4.8,5.2
svm,signo_zodiacal_capricornio,225,0.5,0.6,0.5876623376623377,0.6799999999999999,0.6269651401230348,0.567,0.595198338641063,6.8,4.8,5.2,3.2
svm,signo_zodiacal_capricornio,226,0.5,0.5,0.5068764568764569,0.6,0.5488048183700357,0.458,0.5054380613366681,6.0,6.0,4.0,4.0
svm,signo_zodiacal_capricornio,227,0.5,0.49000000000000005,0.49777777777777776,0.43999999999999995,0.457511961722488,0.458,0.5580840172898995,4.4,4.6,5.4,5.6
svm,signo_zodiacal_capricornio,228,0.5,0.42000000000000004,0.43487179487179484,0.5599999999999999,0.48732279314888005,0.39599999999999996,0.5061065154315928,5.6,7.2,2.8,4.4
svm,signo_zodiacal_capricornio,229,0.5,0.6,0.586153846153846,0.7200000000000001,0.6443478260869565,0.6759999999999999,0.7178962318211544,7.2,5.2,4.8,2.8
svm,signo_zodiacal_capricornio,230,0.5,0.41,0.4173426573426574,0.45999999999999996,0.43377501725327805,0.48200000000000004,0.5462200191449418,4.6,6.4,3.6,5.4
svm,signo_zodiacal_capricornio,231,0.5,0.51,0.5226984126984127,0.45999999999999996,0.4832479594708697,0.4960000000000001,0.5826984692294289,4.6,4.4,5.6,5.4
svm,signo_zodiacal_capricornio,232,0.5,0.44000000000000006,0.3787637362637363,0.43999999999999995,0.39230150923245555,0.42400000000000004,0.4905736187616993,4.4,5.6,4.4,5.6
svm,signo_zodiacal_capricornio,233,0.5,0.53,0.5861904761904762,0.36,0.43029663147310215,0.49399999999999994,0.5891095191358348,3.6,3.0,7.0,6.4
svm,signo_zodiacal_capricornio,234,0.5,0.32999999999999996,0.3328860028860029,0.4,0.35874018379281536,0.31,0.46863224297202627,4.0,7.4,2.6,6.0
svm,signo_zodiacal_capricornio,235,0.5,0.58,0.5852014652014652,0.6399999999999999,0.5982608695652174,0.5780000000000001,0.6604631736512541,6.4,4.8,5.2,3.6
svm,signo_zodiacal_capricornio,236,0.5,0.56,0.5876068376068376,0.5399999999999999,0.5397188623733247,0.5940000000000001,0.6232560962429383,5.4,4.2,5.8,4.6
svm,signo_zodiacal_capricornio,237,0.5,0.48999999999999994,0.4885353535353535,0.5199999999999999,0.49821553884711783,0.55,0.5997441241249291,5.2,5.4,4.6,4.8
svm,signo_zodiacal_capricornio,238,0.5,0.54,0.5533333333333333,0.48,0.5068686868686868,0.508,0.5738866776498355,4.8,4.0,6.0,5.2
svm,signo_zodiacal_capricornio,239,0.5,0.4800000000000001,0.47197802197802197,0.38,0.41030122193805063,0.5279999999999999,0.5974356923606149,3.8,4.2,5.8,6.2
svm,signo_zodiacal_capricornio,240,0.5,0.47000000000000003,0.4268686868686869,0.36,0.38510442773600667,0.476,0.5450178514296161,3.6,4.2,5.8,6.4
svm,signo_zodiacal_capricornio,241,0.5,0.54,0.5416666666666667,0.58,0.555050505050505,0.5980000000000001,0.6453009115067938,5.8,5.0,5.0,4.2
svm,signo_zodiacal_capricornio,242,0.5,0.53,0.6488888888888888,0.32,0.40788124156545214,0.55,0.6152265783751851,3.2,2.6,7.4,6.8
svm,signo_zodiacal_capricornio,243,0.5,0.56,0.5558333333333334,0.6399999999999999,0.5790500552079499,0.5660000000000001,0.6152040002481178,6.4,5.2,4.8,3.6
svm,signo_zodiacal_capricornio,244,0.5,0.45,0.4409090909090909,0.44000000000000006,0.43766233766233764,0.43200000000000005,0.5286209737974443,4.4,5.4,4.6,5.6
svm,signo_zodiacal_capricornio,245,0.5,0.4800000000000001,0.46761904761904755,0.42000000000000004,0.42749776401788786,0.538,0.5932713267125032,4.2,4.6,5.4,5.8
svm,signo_zodiacal_capricornio,246,0.5,0.6000000000000001,0.5938311688311687,0.6,0.586111111111111,0.604,0.6274671141551946,6.0,4.0,6.0,4.0
svm,signo_zodiacal_capricornio,247,0.5,0.5199999999999999,0.5232539682539683,0.5,0.5029102167182662,0.534,0.6142265371367539,5.0,4.6,5.4,5.0
svm,signo_zodiacal_capricornio,248,0.5,0.41,0.40340909090909094,0.45999999999999996,0.42313242313242316,0.42400000000000004,0.5520903392273361,4.6,6.4,3.6,5.4
svm,signo_zodiacal_capricornio,249,0.5,0.43000000000000005,0.4035714285714286,0.32,0.35490196078431374,0.368,0.46923893856401594,3.2,4.6,5.4,6.8
svm,signo_zodiacal_capricornio,250,0.5,0.5299999999999999,0.5468614718614718,0.54,0.5293290043290043,0.512,0.5509741632636369,5.4,4.8,5.2,4.6
svm,signo_zodiacal_capricornio,251,0.5,0.54,0.5490909090909091,0.52,0.5238095238095238,0.53,0.5925557116602008,5.2,4.4,5.6,4.8
svm,signo_zodiacal_capricornio,252,0.5,0.5599999999999999,0.5916666666666667,0.33999999999999997,0.41547619047619044,0.512,0.5875741305478146,3.4,2.2,7.8,6.6
svm,signo_zodiacal_capricornio,253,0.5,0.5599999999999999,0.5913986013986013,0.5399999999999999,0.5443478260869565,0.5959999999999999,0.6909246221614642,5.4,4.2,5.8,4.6
svm,signo_zodiacal_capricornio,254,0.5,0.54,0.6004329004329004,0.43999999999999995,0.4895085306850012,0.508,0.6191180692372642,4.4,3.6,6.4,5.6
svm,signo_zodiacal_capricornio,255,0.5,0.5700000000000001,0.5595848595848596,0.64,0.5920809929963248,0.592,0.6474036986405407,6.4,5.0,5.0,3.6
svm,signo_zodiacal_capricornio,256,0.5,0.36,0.3134310134310134,0.27999999999999997,0.29028469511374344,0.344,0.4656366509307686,2.8,5.6,4.4,7.2
svm,signo_zodiacal_capricornio,257,0.5,0.49000000000000005,0.4603174603174603,0.42000000000000004,0.43346780498483295,0.45599999999999996,0.5663410966398583,4.2,4.4,5.6,5.8
svm,signo_zodiacal_capricornio,258,0.5,0.5,0.47806637806637803,0.44000000000000006,0.45627794977640174,0.45999999999999996,0.5548128285543147,4.4,4.4,5.6,5.6
svm,signo_zodiacal_capricornio,259,0.5,0.4600000000000001,0.38095238095238093,0.27999999999999997,0.3174509803921569,0.508,0.5925723088401107,2.8,3.6,6.4,7.2
svm,signo_zodiacal_capricornio,260,0.5,0.5299999999999999,0.5424242424242425,0.42000000000000004,0.4678804855275443,0.54,0.5926196923991041,4.2,3.6,6.4,5.8
svm,signo_zodiacal_capricornio,261,0.5,0.38,0.36637806637806636,0.36000000000000004,0.3576232247284879,0.32799999999999996,0.441464262088101,3.6,6.0,4.0,6.4
svm,signo_zodiacal_capricornio,262,0.5,0.48,0.48589743589743584,0.58,0.5276679841897234,0.48599999999999993,0.5626326553563396,5.8,6.2,3.8,4.2
svm,signo_zodiacal_capricornio,263,0.5,0.51,0.5121245421245421,0.5,0.4897186700767263,0.568,0.6221594769179908,5.0,4.8,5.2,5.0
svm,signo_zodiacal_capricornio,264,0.5,0.55,0.5345148315736551,0.6799999999999999,0.5930379307953679,0.6160000000000001,0.6822080305315599,6.8,5.8,4.2,3.2
svm,signo_zodiacal_capricornio,265,0.5,0.5800000000000001,0.5852380952380952,0.6799999999999999,0.6183743315508022,0.556,0.552250287294405,6.8,5.2,4.8,3.2
svm,signo_zodiacal_capricornio,266,0.5,0.45,0.44647435897435905,0.56,0.4795004512395817,0.48,0.5318096913406511,5.6,6.6,3.4,4.4
svm,signo_zodiacal_capricornio,267,0.5,0.38,0.40287878787878795,0.5799999999999998,0.4732547452547452,0.366,0.4869889761081712,5.8,8.2,1.8,4.2
svm,signo_zodiacal_capricornio,268,0.5,0.4600000000000001,0.3939393939393939,0.42000000000000004,0.4004127966976264,0.4720000000000001,0.5004060728573112,4.2,5.0,5.0,5.8
svm,signo_zodiacal_capricornio,269,0.5,0.55,0.5915934065934065,0.48,0.5162432509235579,0.606,0.6231321886747583,4.8,3.8,6.2,5.2
svm,signo_zodiacal_capricornio,270,0.5,0.6000000000000001,0.6013636363636363,0.6,0.5987301587301588,0.612,0.6605360205669804,6.0,4.0,6.0,4.0
svm,signo_zodiacal_capricornio,271,0.5,0.5800000000000001,0.5752525252525252,0.6,0.5854180906812486,0.594,0.6147743890096831,6.0,4.4,5.6,4.0
svm,signo_zodiacal_capricornio,272,0.5,0.49000000000000005,0.4943278943278943,0.5599999999999999,0.5215157458864553,0.458,0.5368462164770215,5.6,5.8,4.2,4.4
svm,signo_zodiacal_capricornio,273,0.5,0.44000000000000006,0.4492063492063492,0.45999999999999996,0.45175438596491224,0.3519999999999999,0.4929958432520352,4.6,5.8,4.2,5.4
svm,signo_zodiacal_capricornio,274,0.5,0.47000000000000003,0.44333333333333336,0.38000000000000006,0.4014646464646464,0.434,0.5005305321613371,3.8,4.4,5.6,6.2
svm,signo_zodiacal_capricornio,275,0.5,0.51,0.49555555555555547,0.4,0.43719298245614036,0.481,0.5569103190411241,4.0,3.8,6.2,6.0
svm,signo_zodiacal_capricornio,276,0.5,0.49000000000000005,0.4953535353535353,0.54,0.5125012531328321,0.549,0.6270921943553522,5.4,5.6,4.4,4.6
svm,signo_zodiacal_capricornio,277,0.5,0.45999999999999996,0.4416666666666666,0.38,0.39803921568627454,0.394,0.4771311199120797,3.8,4.6,5.4,6.2
svm,signo_zodiacal_capricornio,278,0.5,0.53,0.5408333333333333,0.6599999999999999,0.5873414304993252,0.471,0.5341618216664656,6.6,6.0,4.0,3.4
svm,signo_zodiacal_capricornio,279,0.5,0.5199999999999999,0.49416666666666664,0.6599999999999999,0.5595804195804195,0.5359999999999999,0.5894973925283522,6.6,6.2,3.8,3.4
svm,signo_zodiacal_capricornio,280,0.5,0.54,0.5614718614718615,0.54,0.5406015037593985,0.526,0.6566034455740338,5.4,4.6,5.4,4.6
svm,signo_zodiacal_capricornio,281,0.5,0.51,0.5034188034188034,0.5,0.4950176825462867,0.512,0.5442499732809332,5.0,4.8,5.2,5.0
svm,signo_zodiacal_capricornio,282,0.5,0.41,0.3951381951381951,0.41999999999999993,0.40338442012960785,0.352,0.45605071888895415,4.2,6.0,4.0,5.8
svm,signo_zodiacal_capricornio,283,0.5,0.5599999999999999,0.5543711843711844,0.6399999999999999,0.5902170445877539,0.6140000000000001,0.6452539215170793,6.4,5.2,4.8,3.6
svm,signo_zodiacal_capricornio,284,0.5,0.5,0.49412087912087915,0.5199999999999999,0.49899403239556694,0.5289999999999999,0.5806344935594161,5.2,5.2,4.8,4.8
svm,signo_zodiacal_capricornio,285,0.5,0.42000000000000004,0.4353646353646353,0.5399999999999999,0.4813288161114248,0.364,0.47662401530358184,5.4,7.0,3.0,4.6
svm,signo_zodiacal_capricornio,286,0.5,0.47000000000000003,0.46249028749028753,0.5,0.47694532774624304,0.42800000000000005,0.5287196996330124,5.0,5.6,4.4,5.0
svm,signo_zodiacal_capricornio,287,0.5,0.36,0.3369230769230769,0.38,0.35648033126293993,0.37,0.5067673180792376,3.8,6.6,3.4,6.2
svm,signo_zodiacal_capricornio,288,0.5,0.4800000000000001,0.46571428571428564,0.36,0.40169934640522875,0.49800000000000005,0.5564860015285711,3.6,4.0,6.0,6.4
svm,signo_zodiacal_capricornio,289,0.5,0.5900000000000001,0.5856959706959707,0.5599999999999999,0.566230537981783,0.64,0.6846480524978977,5.6,3.8,6.2,4.4
svm,signo_zodiacal_capricornio,290,0.5,0.48,0.48119658119658115,0.4600000000000001,0.46692092550216124,0.506,0.5212077068957874,4.6,5.0,5.0,5.4
svm,signo_zodiacal_capricornio,291,0.5,0.56,0.5372527472527473,0.6599999999999999,0.5851495001162521,0.51,0.5340067052830211,6.6,5.4,4.6,3.4
svm,signo_zodiacal_capricornio,292,0.5,0.54,0.5248917748917749,0.68,0.5903030303030303,0.53,0.5873261630010855,6.8,6.0,4.0,3.2
svm,signo_zodiacal_capricornio,293,0.5,0.5200000000000001,0.5077777777777779,0.43999999999999995,0.45210298473456356,0.492,0.6169288330348701,4.4,4.0,6.0,5.6
svm,signo_zodiacal_capricornio,294,0.5,0.5800000000000001,0.5966666666666667,0.5999999999999999,0.5868181818181818,0.6040000000000001,0.6421911323970149,6.0,4.4,5.6,4.0
svm,signo_zodiacal_capricornio,295,0.5,0.53,0.5326923076923078,0.56,0.5419411506368028,0.5439999999999999,0.6242677312367715,5.6,5.0,5.0,4.4
svm,signo_zodiacal_capricornio,296,0.5,0.45,0.411025641025641,0.42000000000000004,0.4017391304347826,0.446,0.49403411088395605,4.2,5.2,4.8,5.8
svm,signo_zodiacal_capricornio,297,0.5,0.51,0.51492673992674,0.43999999999999995,0.46644792928613094,0.5259999999999999,0.5687703130203131,4.4,4.2,5.8,5.6
svm,signo_zodiacal_capricornio,298,0.5,0.53,0.5306526806526806,0.54,0.5308597580908794,0.49800000000000005,0.5750632515059759,5.4,4.8,5.2,4.6
svm,signo_zodiacal_capricornio,299,0.5,0.42000000000000004,0.4012820512820513,0.4600000000000001,0.424604743083004,0.398,0.5274291937852309,4.6,6.2,3.8,5.4
svm,signo_zodiacal_capricornio,300,0.5,0.52,0.5166666666666667,0.5,0.505050505050505,0.49400000000000005,0.5482518711079083,5.0,4.6,5.4,5.0
svm,signo_zodiacal_capricornio,301,0.5,0.5200000000000001,0.5147222222222222,0.6,0.5456545209176787,0.529,0.5660830999066293,6.0,5.6,4.4,4.0
svm,signo_zodiacal_capricornio,302,0.5,0.38,0.37059052059052056,0.37999999999999995,0.3723511677745087,0.34800000000000003,0.4620485384928109,3.8,6.2,3.8,6.2
svm,signo_zodiacal_capricornio,303,0.5,0.56,0.5467171717171716,0.5599999999999999,0.5507177033492823,0.576,0.6181571371524932,5.6,4.4,5.6,4.4
svm,signo_zodiacal_capricornio,304,0.5,0.47000000000000003,0.4607142857142857,0.36,0.3963458110516934,0.5039999999999999,0.5507293970219667,3.6,4.2,5.8,6.4
svm,signo_zodiacal_capricornio,305,0.5,0.49000000000000005,0.4947319347319348,0.54,0.5084113181504486,0.5650000000000001,0.6182537729728131,5.4,5.6,4.4,4.6
svm,signo_zodiacal_capricornio,306,0.5,0.54,0.5457575757575757,0.5599999999999999,0.5445079365079365,0.54,0.6051218956482114,5.6,4.8,5.2,4.4
svm,signo_zodiacal_capricornio,307,0.5,0.53,0.5262937062937063,0.64,0.5753830227743271,0.558,0.5800758218389797,6.4,5.8,4.2,3.6
svm,signo_zodiacal_capricornio,308,0.5,0.64,0.633939393939394,0.64,0.6339925571504519,0.651,0.648800872330284,6.4,3.6,6.4,3.6
svm,signo_zodiacal_capricornio,309,0.5,0.39,0.404009324009324,0.48,0.4376134010916619,0.386,0.5033690198690198,4.8,7.0,3.0,5.2
svm,signo_zodiacal_capricornio,310,0.5,0.6599999999999999,0.6484848484848484,0.7,0.6717703349282296,0.647,0.6322831108519964,7.0,3.8,6.2,3.0
svm,signo_zodiacal_capricornio,311,0.5,0.53,0.5409090909090909,0.5,0.5174603174603174,0.528,0.6259715480597834,5.0,4.4,5.6,5.0
svm,signo_zodiacal_capricornio,312,0.5,0.6,0.578041958041958,0.74,0.6472938076416337,0.61,0.5897657517920675,7.4,5.4,4.6,2.6
svm,signo_zodiacal_capricornio,313,0.5,0.55,0.580952380952381,0.4600000000000001,0.5080065359477124,0.55,0.5973873328254132,4.6,3.6,6.4,5.4
svm,signo_zodiacal_capricornio,314,0.5,0.53,0.5244755244755245,0.6599999999999999,0.5838509316770186,0.558,0.615479732256048,6.6,6.0,4.0,3.4
svm,signo_zodiacal_capricornio,315,0.5,0.44000000000000006,0.42095238095238097,0.32,0.3574509803921569,0.392,0.5135882179396111,3.2,4.4,5.6,6.8
svm,signo_zodiacal_capricornio,316,0.5,0.54,0.5495238095238096,0.4,0.44618962736609785,0.628,0.6277519512651091,4.0,3.2,6.8,6.0
svm,signo_zodiacal_capricornio,317,0.5,0.44000000000000006,0.44859307359307354,0.42000000000000004,0.42975129445717686,0.43000000000000005,0.4953617216117216,4.2,5.4,4.6,5.8
svm,signo_zodiacal_capricornio,318,0.5,0.5700000000000001,0.6187301587301587,0.43999999999999995,0.506047471620227,0.506,0.5765839446930777,4.4,3.0,7.0,5.6
svm,signo_zodiacal_capricornio,319,0.5,0.5,0.5155555555555555,0.39999999999999997,0.4423684210526315,0.504,0.5901687103745927,4.0,4.0,6.0,6.0
svm,signo_zodiacal_capricornio,320,0.5,0.42000000000000004,0.4014285714285714,0.32,0.3545098039215686,0.47000000000000003,0.5273184319979987,3.2,4.8,5.2,6.8
svm,signo_zodiacal_capricornio,321,0.5,0.4600000000000001,0.4257142857142857,0.32000000000000006,0.3401120448179272,0.41600000000000004,0.4859663202294781,3.2,4.0,6.0,6.8
svm,signo_zodiacal_capricornio,322,0.5,0.4,0.3759307359307359,0.4,0.3774397759103641,0.41,0.4828770308638729,4.0,6.0,4.0,6.0
svm,signo_zodiacal_capricornio,323,0.5,0.43999999999999995,0.4251082251082251,0.52,0.4484270631329455,0.321,0.43190112321459073,5.2,6.4,3.6,4.8
svm,signo_zodiacal_capricornio,324,0.5,0.49000000000000005,0.47214285714285714,0.42000000000000004,0.44261437908496737,0.491,0.5656026463216866,4.2,4.4,5.6,5.8
svm,signo_zodiacal_capricornio,325,0.5,0.55,0.5602564102564103,0.54,0.543522178304787,0.508,0.6262433883625833,5.4,4.4,5.6,4.6
svm,signo_zodiacal_capricornio,326,0.5,0.44000000000000006,0.4155555555555555,0.45999999999999996,0.42478195488721804,0.36,0.44923863082222215,4.6,5.8,4.2,5.4
svm,signo_zodiacal_capricornio,327,0.5,0.48,0.5,0.44000000000000006,0.43934282092176835,0.493,0.6041020568698586,4.4,4.8,5.2,5.6
svm,signo_zodiacal_capricornio,328,0.5,0.5700000000000001,0.5508547008547009,0.7,0.6092603049124788,0.5720000000000001,0.5643614604349899,7.0,5.6,4.4,3.0
svm,signo_zodiacal_capricornio,329,0.5,0.37,0.3499389499389499,0.3,0.31729707901467225,0.363,0.5080073080514257,3.0,5.6,4.4,7.0
svm,signo_zodiacal_capricornio,330,0.5,0.55,0.5557142857142856,0.62,0.5826794258373205,0.5700000000000001,0.6102895400952676,6.2,5.2,4.8,3.8
svm,signo_zodiacal_capricornio,331,0.5,0.52,0.5484126984126985,0.42000000000000004,0.4677666760484098,0.48100000000000004,0.5634524848216799,4.2,3.8,6.2,5.8
svm,signo_zodiacal_capricornio,332,0.5,0.5200000000000001,0.5140836940836941,0.5399999999999999,0.5175662686127083,0.558,0.6023280500029726,5.4,5.0,5.0,4.6
svm,signo_zodiacal_capricornio,333,0.5,0.45999999999999996,0.49725274725274726,0.38,0.4147566272885966,0.504,0.5898619087311038,3.8,4.6,5.4,6.2
svm,signo_zodiacal_capricornio,334,0.5,0.49000000000000005,0.493045843045843,0.5,0.4881494744767056,0.5299999999999999,0.5677825948561244,5.0,5.2,4.8,5.0
svm,signo_zodiacal_capricornio,335,0.5,0.45,0.44722222222222224,0.39999999999999997,0.4216374269005848,0.446,0.5623172230246534,4.0,5.0,5.0,6.0
svm,signo_zodiacal_capricornio,336,0.5,0.56,0.5908730158730159,0.54,0.5575507395940832,0.5780000000000001,0.6760451950010773,5.4,4.2,5.8,4.6
svm,signo_zodiacal_capricornio,337,0.5,0.6100000000000001,0.5965783236371471,0.8,0.6777971014492754,0.5760000000000001,0.606754532447257,8.0,5.8,4.2,2.0
svm,signo_zodiacal_capricornio,338,0.5,0.58,0.5842857142857143,0.6200000000000001,0.5957575757575757,0.5850000000000001,0.6405177877677877,6.2,4.6,5.4,3.8
svm,signo_zodiacal_capricornio,339,0.5,0.62,0.6924242424242424,0.48,0.5453634085213033,0.6540000000000001,0.7089962510829383,4.8,2.4,7.6,5.2
svm,signo_zodiacal_capricornio,340,0.5,0.5,0.5027777777777779,0.42000000000000004,0.4573099415204679,0.421,0.4980389898199496,4.2,4.2,5.8,5.8
svm,signo_zodiacal_capricornio,341,0.5,0.45999999999999996,0.4579365079365079,0.34,0.3679300747412203,0.414,0.48975146155873706,3.4,4.2,5.8,6.6
svm,signo_zodiacal_capricornio,342,0.5,0.5700000000000001,0.5553968253968253,0.52,0.5254414110141664,0.5389999999999999,0.5678159346673278,5.2,3.8,6.2,4.8
svm,signo_zodiacal_capricornio,343,0.5,0.5399999999999999,0.5467460317460318,0.45999999999999996,0.49741314069487447,0.6040000000000001,0.6408627369362664,4.6,3.8,6.2,5.4
svm,signo_zodiacal_capricornio,344,0.5,0.43,0.4435930735930736,0.41999999999999993,0.4153068500127324,0.506,0.5651447816888994,4.2,5.6,4.4,5.8
svm,signo_zodiacal_capricornio,345,0.5,0.59,0.5861555111555112,0.6,0.5848407347128575,0.584,0.577683648652689,6.0,4.2,5.8,4.0
svm,signo_zodiacal_capricornio,346,0.5,0.48,0.4833333333333334,0.6199999999999999,0.5397435897435898,0.41,0.4781540050936336,6.2,6.6,3.4,3.8
svm,signo_zodiacal_capricornio,347,0.5,0.49000000000000005,0.4715018315018315,0.54,0.49679795396419435,0.446,0.522297840618274,5.4,5.6,4.4,4.6
svm,signo_zodiacal_capricornio,348,0.5,0.4699999999999999,0.4042424242424242,0.45999999999999996,0.4083809523809524,0.41600000000000004,0.47995143298394066,4.6,5.2,4.8,5.4
svm,signo_zodiacal_capricornio,349,0.5,0.35,0.3533177933177933,0.43999999999999995,0.3897814100468563,0.3,0.4668725386240866,4.4,7.4,2.6,5.6
svm,signo_zodiacal_capricornio,350,0.5,0.5,0.5045998445998446,0.56,0.5244368893247613,0.5,0.5791955452528208,5.6,5.6,4.4,4.4
svm,signo_zodiacal_capricornio,351,0.5,0.51,0.5111111111111111,0.5,0.5012227538543328,0.534,0.6113031674208145,5.0,4.8,5.2,5.0
svm,signo_zodiacal_capricornio,352,0.5,0.51,0.5382395382395383,0.4600000000000001,0.4909332153914197,0.504,0.6037170859755998,4.6,4.4,5.6,5.4
svm,signo_zodiacal_capricornio,353,0.5,0.55,0.544055944055944,0.6599999999999999,0.5954451345755694,0.5159999999999999,0.5552922432744414,6.6,5.6,4.4,3.4
svm,signo_zodiacal_capricornio,354,0.5,0.6,0.5806993006993008,0.6799999999999999,0.624927536231884,0.588,0.6029827584696006,6.8,4.8,5.2,3.2
svm,signo_zodiacal_capricornio,355,0.5,0.5000000000000001,0.5023809523809524,0.38,0.4317853457172343,0.5119999999999999,0.5993786048832488,3.8,3.8,6.2,6.2
svm,signo_zodiacal_capricornio,356,0.5,0.47000000000000003,0.465,0.38,0.40853535353535353,0.42799999999999994,0.5474297477548251,3.8,4.4,5.6,6.2
svm,signo_zodiacal_capricornio,357,0.5,0.42000000000000004,0.41641414141414135,0.4,0.406516290726817,0.462,0.5113774538155342,4.0,5.6,4.4,6.0
svm,signo_zodiacal_capricornio,358,0.5,0.43999999999999995,0.4066666666666666,0.45999999999999996,0.41701587301587306,0.4159999999999999,0.4925778131397326,4.6,5.8,4.2,5.4
svm,signo_zodiacal_capricornio,359,0.5,0.54,0.5621367521367521,0.5199999999999999,0.5240995770057555,0.518,0.6098074636062252,5.2,4.4,5.6,4.8
svm,signo_zodiacal_capricornio,360,0.5,0.4600000000000001,0.4633697838109604,0.56,0.48343314622490824,0.392,0.49407440864948604,5.6,6.4,3.6,4.4
svm,signo_zodiacal_capricornio,361,0.5,0.53,0.5227777777777779,0.48,0.49420255183413075,0.554,0.6075865584364036,4.8,4.2,5.8,5.2
svm,signo_zodiacal_capricornio,362,0.5,0.45999999999999996,0.44761904761904764,0.3,0.3572755417956656,0.48199999999999993,0.5240873082885467,3.0,3.8,6.2,7.0
svm,signo_zodiacal_capricornio,363,0.5,0.64,0.6325757575757576,0.6799999999999999,0.6522366522366522,0.692,0.716544143764732,6.8,4.0,6.0,3.2
svm,signo_zodiacal_capricornio,364,0.5,0.55,0.5607142857142857,0.4,0.4610644257703081,0.44799999999999995,0.5562010630408463,4.0,3.0,7.0,6.0
svm,signo_zodiacal_capricornio,365,0.5,0.5,0.5229426129426129,0.5599999999999999,0.5301671337143137,0.51,0.5196500629573385,5.6,5.6,4.4,4.4
svm,signo_zodiacal_capricornio,366,0.5,0.56,0.5426923076923077,0.5000000000000001,0.5128502415458938,0.554,0.5823230729538779,5.0,3.8,6.2,5.0
svm,signo_zodiacal_capricornio,367,0.5,0.52,0.509090909090909,0.45999999999999996,0.47709273182957385,0.5619999999999999,0.6105227344035393,4.6,4.2,5.8,5.4
svm,signo_zodiacal_capricornio,368,0.5,0.47000000000000003,0.43064102564102563,0.36,0.3792350441320692,0.47000000000000003,0.5432390197521776,3.6,4.2,5.8,6.4
svm,signo_zodiacal_capricornio,369,0.5,0.54,0.5883333333333334,0.43999999999999995,0.4886868686868687,0.5479999999999998,0.634053196201803,4.4,3.6,6.4,5.6
svm,signo_zodiacal_capricornio,370,0.5,0.49000000000000005,0.481474358974359,0.5599999999999999,0.5050820918212222,0.42600000000000005,0.5093643854425588,5.6,5.8,4.2,4.4
svm,signo_zodiacal_capricornio,371,0.5,0.49000000000000005,0.5051948051948052,0.3,0.3580370609782374,0.466,0.541356100813531,3.0,3.2,6.8,7.0
svm,signo_zodiacal_capricornio,372,0.5,0.52,0.5203296703296703,0.66,0.5814229249011859,0.5940000000000001,0.6834312419606536,6.6,6.2,3.8,3.4
svm,signo_zodiacal_capricornio,373,0.5,0.5599999999999999,0.5633333333333332,0.5599999999999999,0.539007659007659,0.58,0.6369366158437366,5.6,4.4,5.6,4.4
svm,signo_zodiacal_capricornio,374,0.5,0.65,0.6422688422688423,0.6599999999999999,0.6474011114743379,0.644,0.6713503222783409,6.6,3.6,6.4,3.4
svm,signo_zodiacal_capricornio,375,0.5,0.5200000000000001,0.5305916305916305,0.44000000000000006,0.47762543613936803,0.54,0.6113108182667005,4.4,4.0,6.0,5.6
svm,signo_zodiacal_capricornio,376,0.5,0.55,0.5817099567099567,0.44000000000000006,0.48105293399411053,0.5780000000000001,0.6234453591643994,4.4,3.4,6.6,5.6
svm,signo_zodiacal_capricornio,377,0.5,0.6100000000000001,0.6357464757464758,0.56,0.578511239736169,0.636,0.6578767419371134,5.6,3.4,6.6,4.4
svm,signo_zodiacal_capricornio,378,0.5,0.54,0.6319347319347319,0.42000000000000004,0.45971226840792057,0.534,0.5827798671916319,4.2,3.4,6.6,5.8
svm,signo_zodiacal_capricornio,379,0.5,0.44000000000000006,0.4246031746031746,0.4,0.40479876160990713,0.421,0.48473390601486577,4.0,5.2,4.8,6.0
svm,signo_zodiacal_capricornio,380,0.5,0.47000000000000003,0.4133333333333333,0.4,0.39670588235294124,0.404,0.4800447073566268,4.0,4.6,5.4,6.0
svm,signo_zodiacal_capricornio,381,0.5,0.47000000000000003,0.4721056721056721,0.48,0.4576059714503651,0.506,0.5816178898500879,4.8,5.4,4.6,5.2
svm,signo_zodiacal_capricornio,382,0.5,0.42000000000000004,0.3993939393939394,0.28,0.321015037593985,0.384,0.47264914763598975,2.8,4.4,5.6,7.2
svm,signo_zodiacal_capricornio,383,0.5,0.53,0.539949494949495,0.5,0.5178279030910609,0.5760000000000001,0.5721900223959048,5.0,4.4,5.6,5.0
svm,signo_zodiacal_capricornio,384,0.5,0.5700000000000001,0.5968253968253968,0.44000000000000006,0.5044461644306846,0.554,0.6309451288305776,4.4,3.0,7.0,5.6
svm,signo_zodiacal_capricornio,385,0.5,0.4600000000000001,0.48611111111111116,0.38,0.41171109592162225,0.506,0.5638765739764191,3.8,4.6,5.4,6.2
svm,signo_zodiacal_capricornio,386,0.5,0.56,0.5701587301587302,0.4600000000000001,0.5021671826625387,0.558,0.5931981988599635,4.6,3.4,6.6,5.4
svm,signo_zodiacal_capricornio,387,0.5,0.4800000000000001,0.4754761904761905,0.4600000000000001,0.4596436188510492,0.44800000000000006,0.5725756110934129,4.6,5.0,5.0,5.4
svm,signo_zodiacal_capricornio,388,0.5,0.44000000000000006,0.44000000000000006,0.56,0.4852380952380953,0.388,0.4876368278264563,5.6,6.8,3.2,4.4
svm,signo_zodiacal_capricornio,389,0.5,0.6100000000000001,0.5844139194139194,0.6799999999999999,0.6237944664031619,0.64,0.6646646027690919,6.8,4.6,5.4,3.2
svm,signo_zodiacal_capricornio,390,0.5,0.45999999999999996,0.44988344988344986,0.44000000000000006,0.4390596055355781,0.489,0.5575143077596637,4.4,5.2,4.8,5.6
svm,signo_zodiacal_capricornio,391,0.5,0.45,0.44792207792207783,0.42000000000000004,0.4299906629318394,0.418,0.5214092127342902,4.2,5.2,4.8,5.8
svm,signo_zodiacal_capricornio,392,0.5,0.51,0.5076923076923077,0.6199999999999999,0.558102766798419,0.544,0.6256336969703843,6.2,6.0,4.0,3.8
svm,signo_zodiacal_capricornio,393,0.5,0.6100000000000001,0.634018759018759,0.54,0.5796353629170966,0.5900000000000001,0.5960352784470432,5.4,3.2,6.8,4.6
svm,signo_zodiacal_capricornio,394,0.5,0.56,0.5836111111111111,0.62,0.573468286099865,0.5640000000000001,0.605993959686684,6.2,5.0,5.0,3.8
svm,signo_zodiacal_capricornio,395,0.5,0.54,0.5716666666666667,0.33999999999999997,0.4227777777777778,0.526,0.6357023362774135,3.4,2.6,7.4,6.6
svm,signo_zodiacal_capricornio,396,0.5,0.51,0.5,0.38,0.4193650793650794,0.4640000000000001,0.5562868937048504,3.8,3.6,6.4,6.2
svm,signo_zodiacal_capricornio,397,0.5,0.55,0.538030303030303,0.6199999999999999,0.5717402597402599,0.5120000000000001,0.5442307888190242,6.2,5.2,4.8,3.8
svm,signo_zodiacal_capricornio,398,0.5,0.57,0.5820707070707071,0.54,0.5572263993316624,0.56,0.6328268408578005,5.4,4.0,6.0,4.6
svm,signo_zodiacal_capricornio,399,0.5,0.51,0.528138528138528,0.45999999999999996,0.47817460317460314,0.564,0.6093900445959269,4.6,4.4,5.6,5.4
svm,signo_zodiacal_capricornio,400,0.5,0.5,0.5059090909090909,0.58,0.5343492063492062,0.558,0.6166378867950074,5.8,5.8,4.2,4.2
svm,signo_zodiacal_capricornio,401,0.5,0.51,0.5203968253968254,0.38,0.4349363605091159,0.502,0.5455581542640366,3.8,3.6,6.4,6.2
svm,signo_zodiacal_capricornio,402,0.5,0.47000000000000003,0.4769230769230769,0.56,0.5127140974967062,0.4029999999999999,0.4946341473284198,5.6,6.2,3.8,4.4
svm,signo_zodiacal_capricornio,403,0.5,0.5599999999999999,0.5,0.45999999999999996,0.475,0.548,0.5887547823693333,4.6,3.4,6.6,5.4
svm,signo_zodiacal_capricornio,404,0.5,0.52,0.5181818181818182,0.5399999999999999,0.5114718614718614,0.484,0.5411217383407786,5.4,5.0,5.0,4.6
svm,signo_zodiacal_capricornio,405,0.5,0.36,0.33653846153846156,0.3,0.31327866768370205,0.41,0.49345186246502043,3.0,5.8,4.2,7.0
svm,signo_zodiacal_capricornio,406,0.5,0.48,0.4969230769230769,0.54,0.495527950310559,0.5160000000000001,0.5882666793990323,5.4,5.8,4.2,4.6
svm,signo_zodiacal_capricornio,407,0.5,0.5,0.4911843711843712,0.4,0.4275905236236371,0.5359999999999999,0.5727915576855205,4.0,4.0,6.0,6.0
svm,signo_zodiacal_capricornio,408,0.5,0.45999999999999996,0.46794871794871795,0.54,0.4975845410628019,0.418,0.506037621906817,5.4,6.2,3.8,4.6
svm,signo_zodiacal_capricornio,409,0.5,0.63,0.6057342657342657,0.74,0.6629459815546772,0.5940000000000001,0.6342878608319784,7.4,4.8,5.2,2.6
svm,signo_zodiacal_capricornio,410,0.5,0.4800000000000001,0.5054584304584304,0.42000000000000004,0.4347105221247098,0.47299999999999986,0.5724435929567508,4.2,4.6,5.4,5.8
svm,signo_zodiacal_capricornio,411,0.5,0.43999999999999995,0.38571428571428573,0.3,0.33725490196078434,0.388,0.49536666541233104,3.0,4.2,5.8,7.0
svm,signo_zodiacal_capricornio,412,0.5,0.53,0.530952380952381,0.64,0.5705542539302131,0.5479999999999999,0.5631380445320073,6.4,5.8,4.2,3.6
svm,signo_zodiacal_capricornio,413,0.5,0.51,0.5087912087912086,0.6199999999999999,0.5541062801932368,0.524,0.6027339594529997,6.2,6.0,4.0,3.8
svm,signo_zodiacal_capricornio,414,0.5,0.5800000000000001,0.621056721056721,0.54,0.5598488976063347,0.588,0.6425177573544446,5.4,3.8,6.2,4.6
svm,signo_zodiacal_capricornio,415,0.5,0.45999999999999996,0.4828724216959511,0.62,0.537989417989418,0.48599999999999993,0.53480115206431,6.2,7.0,3.0,3.8
svm,signo_zodiacal_capricornio,416,0.5,0.52,0.5188034188034187,0.62,0.5558911772184084,0.546,0.563318502361072,6.2,5.8,4.2,3.8
svm,signo_zodiacal_capricornio,417,0.5,0.48,0.4709090909090909,0.34,0.3882773109243698,0.49399999999999994,0.5191042927660575,3.4,3.8,6.2,6.6
svm,signo_zodiacal_capricornio,418,0.5,0.51,0.5028749028749029,0.5399999999999999,0.5165588543162913,0.56,0.6476767578826401,5.4,5.2,4.8,4.6
svm,signo_zodiacal_capricornio,419,0.5,0.52,0.5123076923076924,0.66,0.5745383022774326,0.564,0.6215702973497091,6.6,6.2,3.8,3.4
svm,signo_zodiacal_capricornio,420,0.5,0.52,0.541013986013986,0.52,0.5256866804692891,0.57,0.6333870363382748,5.2,4.8,5.2,4.8
svm,signo_zodiacal_capricornio,421,0.5,0.39,0.327979797979798,0.31999999999999995,0.32294068504594825,0.392,0.4889976700286297,3.2,5.4,4.6,6.8
svm,signo_zodiacal_capricornio,422,0.5,0.4600000000000001,0.4497008547008547,0.42000000000000004,0.4288863463005339,0.4539999999999999,0.5178034455224857,4.2,5.0,5.0,5.8
svm,signo_zodiacal_capricornio,423,0.5,0.45999999999999996,0.45962566844919783,0.54,0.49057239057239055,0.47400000000000003,0.5222853808558142,5.4,6.2,3.8,4.6
svm,signo_zodiacal_capricornio,424,0.5,0.5599999999999999,0.5534498834498834,0.6799999999999999,0.6063744950701473,0.59,0.6102076889398871,6.8,5.6,4.4,3.2
svm,signo_zodiacal_capricornio,425,0.5,0.53,0.5232142857142857,0.44000000000000006,0.45349421820010055,0.604,0.642464727652808,4.4,3.8,6.2,5.6
svm,signo_zodiacal_capricornio,426,0.5,0.5800000000000001,0.6229304029304028,0.45999999999999996,0.5149744245524297,0.55,0.5921873028931852,4.6,3.0,7.0,5.4
svm,signo_zodiacal_capricornio,427,0.5,0.41000000000000003,0.408511586452763,0.45999999999999996,0.42453355611250343,0.384,0.476841529385647,4.6,6.4,3.6,5.4
svm,signo_zodiacal_capricornio,428,0.5,0.59,0.6292857142857142,0.45999999999999996,0.5198319327731091,0.5880000000000001,0.6186263932146285,4.6,2.8,7.2,5.4
svm,signo_zodiacal_capricornio,429,0.5,0.54,0.5272460872460872,0.7,0.6000496894409937,0.484,0.5122583968319263,7.0,6.2,3.8,3.0
svm,signo_zodiacal_capricornio,430,0.5,0.4,0.3180952380952381,0.3,0.29410256410256413,0.36,0.4623719156660333,3.0,5.0,5.0,7.0
svm,signo_zodiacal_capricornio,431,0.5,0.47000000000000003,0.4485425685425685,0.4,0.41813209494324044,0.45200000000000007,0.5589821957368397,4.0,4.6,5.4,6.0
svm,signo_zodiacal_capricornio,432,0.5,0.53,0.4544877344877345,0.48,0.45766651923927465,0.528,0.5422734852866432,4.8,4.2,5.8,5.2
svm,signo_zodiacal_capricornio,433,0.5,0.45000000000000007,0.4527777777777778,0.42000000000000004,0.43359914938862304,0.41600000000000004,0.49712967751203047,4.2,5.2,4.8,5.8
svm,signo_zodiacal_capricornio,434,0.5,0.57,0.5598135198135197,0.6799999999999999,0.6116438923395444,0.5559999999999999,0.5741182581608278,6.8,5.4,4.6,3.2
svm,signo_zodiacal_capricornio,435,0.5,0.45999999999999996,0.466060606060606,0.6,0.5203583083583083,0.426,0.49947428551840317,6.0,6.8,3.2,4.0
svm,signo_zodiacal_capricornio,436,0.5,0.48999999999999994,0.5034632034632034,0.4,0.4276037687802393,0.5519999999999999,0.6045884578957335,4.0,4.2,5.8,6.0
svm,signo_zodiacal_capricornio,437,0.5,0.4600000000000001,0.4616161616161616,0.43999999999999995,0.4492898913951546,0.512,0.5714583722950597,4.4,5.2,4.8,5.6
svm,signo_zodiacal_capricornio,438,0.5,0.54,0.47034965034965037,0.4,0.4096066252587992,0.554,0.6091471655279704,4.0,3.2,6.8,6.0
svm,signo_zodiacal_capricornio,439,0.5,0.62,0.594981684981685,0.7799999999999999,0.6738577075098815,0.6559999999999999,0.659465811536245,7.8,5.4,4.6,2.2
svm,signo_zodiacal_capricornio,440,0.5,0.41000000000000003,0.4175757575757576,0.44000000000000006,0.427965367965368,0.366,0.4666272924701717,4.4,6.2,3.8,5.6
svm,signo_zodiacal_capricornio,441,0.5,0.49000000000000005,0.49120879120879113,0.54,0.50976353928299,0.518,0.5696462154976086,5.4,5.6,4.4,4.6
svm,signo_zodiacal_capricornio,442,0.5,0.4600000000000001,0.46363636363636357,0.41999999999999993,0.43613445378151267,0.44399999999999995,0.5285512716557609,4.2,5.0,5.0,5.8
svm,signo_zodiacal_capricornio,443,0.5,0.5,0.5100432900432901,0.4,0.4404501449702688,0.4880000000000001,0.5443687440010969,4.0,4.0,6.0,6.0
svm,signo_zodiacal_capricornio,444,0.5,0.5599999999999999,0.5694444444444444,0.54,0.5482456140350876,0.5740000000000001,0.5768944491181333,5.4,4.2,5.8,4.6
svm,signo_zodiacal_capricornio,445,0.5,0.5700000000000001,0.5421678321678323,0.56,0.5350944707466446,0.664,0.6934797218605268,5.6,4.2,5.8,4.4
svm,signo_zodiacal_capricornio,446,0.5,0.48,0.48725718725718725,0.48,0.4799535069557953,0.438,0.5308004412168498,4.8,5.2,4.8,5.2
svm,signo_zodiacal_capricornio,447,0.5,0.45999999999999996,0.4776190476190476,0.52,0.4845756101483655,0.477,0.5046603119103119,5.2,6.0,4.0,4.8
svm,signo_zodiacal_capricornio,448,0.5,0.5700000000000001,0.5902020202020202,0.43999999999999995,0.49002506265664153,0.702,0.7123896191527769,4.4,3.0,7.0,5.6
svm,signo_zodiacal_capricornio,449,0.5,0.45999999999999996,0.46551226551226554,0.54,0.4961152882205514,0.434,0.5033595309918839,5.4,6.2,3.8,4.6
svm,signo_zodiacal_capricornio,450,0.5,0.51,0.5496031746031746,0.38,0.443687650498796,0.48599999999999993,0.5530495435936611,3.8,3.6,6.4,6.2
svm,signo_zodiacal_capricornio,451,0.5,0.49000000000000005,0.46877344877344873,0.5399999999999999,0.4916497125165856,0.48,0.5686077817091748,5.4,5.6,4.4,4.6
svm,signo_zodiacal_capricornio,452,0.5,0.48999999999999994,0.47777777777777775,0.3,0.36359649122807014,0.5040000000000001,0.56461246983151,3.0,3.2,6.8,7.0
svm,signo_zodiacal_capricornio,453,0.5,0.44000000000000006,0.42979797979797973,0.48,0.44965064175590497,0.406,0.4727129090379864,4.8,6.0,4.0,5.2
svm,signo_zodiacal_capricornio,454,0.5,0.45,0.46923076923076923,0.4800000000000001,0.46355315165383815,0.48600000000000004,0.5787665312843331,4.8,5.8,4.2,5.2
svm,signo_zodiacal_capricornio,455,0.5,0.6,0.6202020202020202,0.5599999999999999,0.5801549327865118,0.578,0.6265803440625421,5.6,3.6,6.4,4.4
svm,signo_zodiacal_capricornio,456,0.5,0.45,0.4111111111111111,0.31999999999999995,0.35526315789473684,0.446,0.4934177987475201,3.2,4.2,5.8,6.8
svm,signo_zodiacal_capricornio,457,0.5,0.45,0.43500000000000005,0.42000000000000004,0.4166666666666667,0.404,0.5092706382884401,4.2,5.2,4.8,5.8
svm,signo_zodiacal_capricornio,458,0.5,0.58,0.5745454545454546,0.58,0.5755555555555555,0.554,0.6425783487238595,5.8,4.2,5.8,4.2
svm,signo_zodiacal_capricornio,459,0.5,0.39999999999999997,0.4025641025641026,0.42000000000000004,0.4065090261886601,0.346,0.45177727664492373,4.2,6.2,3.8,5.8
svm,signo_zodiacal_capricornio,460,0.5,0.53,0.517979797979798,0.42000000000000004,0.4492654713707346,0.476,0.5540679696120872,4.2,3.6,6.4,5.8
svm,signo_zodiacal_capricornio,461,0.5,0.44000000000000006,0.45642135642135634,0.45999999999999996,0.4521376971841368,0.40199999999999997,0.5460362260718298,4.6,5.8,4.2,5.4
svm,signo_zodiacal_capricornio,462,0.5,0.5,0.5066666666666666,0.3,0.37470588235294117,0.44800000000000006,0.5650178273738646,3.0,3.0,7.0,7.0
svm,signo_zodiacal_capricornio,463,0.5,0.43,0.3844988344988345,0.34,0.34153527631788505,0.418,0.48469343771123957,3.4,4.8,5.2,6.6
svm,signo_zodiacal_capricornio,464,0.5,0.51,0.46685897435897433,0.56,0.4898673355629877,0.44799999999999995,0.5085167312048117,5.6,5.4,4.6,4.4
svm,signo_zodiacal_capricornio,465,0.5,0.51,0.5079822954822955,0.5599999999999999,0.521137537923108,0.572,0.6532989884212794,5.6,5.4,4.6,4.4
svm,signo_zodiacal_capricornio,466,0.5,0.53,0.5686013986013986,0.45999999999999996,0.48269151138716354,0.5519999999999999,0.598072693216656,4.6,4.0,6.0,5.4
svm,signo_zodiacal_capricornio,467,0.5,0.52,0.5129765659177424,0.6599999999999999,0.5713625852069788,0.51,0.5896725713227261,6.6,6.2,3.8,3.4
svm,signo_zodiacal_capricornio,468,0.5,0.34,0.3191017316017316,0.33999999999999997,0.3193169575522517,0.27799999999999997,0.4206402039652814,3.4,6.6,3.4,6.6
svm,signo_zodiacal_capricornio,469,0.5,0.43999999999999995,0.44333333333333336,0.6,0.5025574425574425,0.46799999999999997,0.565772184300048,6.0,7.2,2.8,4.0
svm,signo_zodiacal_capricornio,470,0.5,0.52,0.5222222222222223,0.41999999999999993,0.4633040935672515,0.5940000000000001,0.66593345277014,4.2,3.8,6.2,5.8
svm,signo_zodiacal_capricornio,471,0.5,0.51,0.48571428571428577,0.34,0.3963818860877685,0.488,0.5761783504593102,3.4,3.2,6.8,6.6
svm,signo_zodiacal_capricornio,472,0.5,0.5,0.48458763458763465,0.48,0.47702461610120783,0.5210000000000001,0.6131554464627219,4.8,4.8,5.2,5.2
svm,signo_zodiacal_capricornio,473,0.5,0.49000000000000005,0.4805194805194805,0.4,0.43046218487394955,0.5329999999999999,0.5761246053568035,4.0,4.2,5.8,6.0
svm,signo_zodiacal_capricornio,474,0.5,0.52,0.5167832167832167,0.6199999999999999,0.5617824204780727,0.492,0.5586614327365101,6.2,5.8,4.2,3.8
svm,signo_zodiacal_capricornio,475,0.5,0.5599999999999999,0.5900432900432901,0.4600000000000001,0.4963903743315507,0.55,0.5836168908490891,4.6,3.4,6.6,5.4
svm,signo_zodiacal_capricornio,476,0.5,0.56,0.563030303030303,0.6599999999999999,0.6026015037593985,0.594,0.6494397242764115,6.6,5.4,4.6,3.4
svm,signo_zodiacal_capricornio,477,0.5,0.56,0.5714285714285714,0.6399999999999999,0.5909090909090909,0.616,0.6507593044210691,6.4,5.2,4.8,3.6
svm,signo_zodiacal_capricornio,478,0.5,0.41,0.3821789321789322,0.38,0.3711779448621554,0.36,0.4512493346007277,3.8,5.6,4.4,6.2
svm,signo_zodiacal_capricornio,479,0.5,0.45999999999999996,0.47475867269984917,0.6399999999999999,0.5406285823677128,0.43600000000000005,0.5603728242861369,6.4,7.2,2.8,3.6
svm,signo_zodiacal_capricornio,480,0.5,0.5,0.6599999999999999,0.32,0.38280701754385965,0.524,0.5943762163189408,3.2,3.2,6.8,6.8
svm,signo_zodiacal_capricornio,481,0.5,0.42000000000000004,0.4179084967320262,0.38,0.3794054580896686,0.382,0.48397657021341234,3.8,5.4,4.6,6.2
svm,signo_zodiacal_capricornio,482,0.5,0.6100000000000001,0.6345238095238096,0.5800000000000001,0.5984551396316102,0.63,0.7363649565089194,5.8,3.6,6.4,4.2
svm,signo_zodiacal_capricornio,483,0.5,0.55,0.5918181818181819,0.44000000000000006,0.48761904761904756,0.564,0.6154168315344786,4.4,3.4,6.6,5.6
svm,signo_zodiacal_capricornio,484,0.5,0.63,0.6025641025641025,0.72,0.6517347386912605,0.612,0.660234394690277,7.2,4.6,5.4,2.8
svm,signo_zodiacal_capricornio,485,0.5,0.55,0.5642857142857143,0.48,0.5143196672608438,0.61,0.6642640598995088,4.8,3.8,6.2,5.2
svm,signo_zodiacal_capricornio,486,0.5,0.5,0.5811965811965811,0.4,0.4330027968471904,0.476,0.5897946216150549,4.0,4.0,6.0,6.0
svm,signo_zodiacal_capricornio,487,0.5,0.44000000000000006,0.4476923076923077,0.52,0.4753552920509442,0.40800000000000003,0.5224041242555174,5.2,6.4,3.6,4.8
svm,signo_zodiacal_capricornio,488,0.5,0.56,0.5581818181818182,0.6,0.5776623376623377,0.5660000000000001,0.6543115779129711,6.0,4.8,5.2,4.0
svm,signo_zodiacal_capricornio,489,0.5,0.49000000000000005,0.4975024975024976,0.45999999999999996,0.4687035683838753,0.4720000000000001,0.5526453099703874,4.6,4.8,5.2,5.4
svm,signo_zodiacal_capricornio,490,0.5,0.5900000000000001,0.5907251082251082,0.5999999999999999,0.5731852461264225,0.5760000000000002,0.6072367354867355,6.0,4.2,5.8,4.0
svm,signo_zodiacal_capricornio,491,0.5,0.57,0.5633766233766233,0.6,0.5707467956879722,0.524,0.5580631945453927,6.0,4.6,5.4,4.0
svm,signo_zodiacal_capricornio,492,0.5,0.45,0.4514285714285714,0.3,0.34380952380952384,0.406,0.5319352700103475,3.0,4.0,6.0,7.0
svm,signo_zodiacal_capricornio,493,0.5,0.51,0.509090909090909,0.5800000000000001,0.541991341991342,0.538,0.6490855337472984,5.8,5.6,4.4,4.2
svm,signo_zodiacal_capricornio,494,0.5,0.52,0.5442424242424242,0.3,0.36571428571428577,0.54,0.5809223097164273,3.0,2.6,7.4,7.0
svm,signo_zodiacal_capricornio,495,0.5,0.48,0.48015151515151516,0.5199999999999999,0.4927451963241437,0.48200000000000004,0.5777640692640693,5.2,5.6,4.4,4.8
svm,signo_zodiacal_capricornio,496,0.5,0.45999999999999996,0.4627272727272727,0.58,0.5132813852813853,0.49000000000000005,0.5672874425196406,5.8,6.6,3.4,4.2
svm,signo_zodiacal_capricornio,497,0.5,0.55,0.5476923076923077,0.5399999999999999,0.5367391304347826,0.521,0.5561356421356421,5.4,4.4,5.6,4.6
svm,signo_zodiacal_capricornio,498,0.5,0.42000000000000004,0.3873992673992674,0.33999999999999997,0.34794247077461504,0.421,0.5057294182425761,3.4,5.0,5.0,6.6
svm,signo_zodiacal_capricornio,499,0.5,0.4600000000000001,0.45215829921712275,0.5599999999999999,0.4900031408444384,0.422,0.5085364188614963,5.6,6.4,3.6,4.4
svm,signo_zodiacal_capricornio,500,0.5,0.5,0.48590909090909096,0.44000000000000006,0.45822055137844603,0.506,0.5310528164645811,4.4,4.4,5.6,5.6
